<?xml version="1.0" encoding="UTF-8"?>
<databaseChangeLog
	xmlns="http://www.liquibase.org/xml/ns/dbchangelog"
	xmlns:xsi="http://www.w3.org/2001/XMLSchema-instance"
	xsi:schemaLocation="http://www.liquibase.org/xml/ns/dbchangelog http://www.liquibase.org/xml/ns/dbchangelog/dbchangelog-3.1.xsd">
	<!--
     Copyright (C) 2021 Secure Dimensions GmbH, D-81377
     Munich, Germany.

     This program is free software: you can redistribute it and/or modify
     it under the terms of the GNU Lesser General Public License as published by
     the Free Software Foundation, either version 3 of the License, or
     (at your option) any later version.

     This program is distributed in the hope that it will be useful,
     but WITHOUT ANY WARRANTY; without even the implied warranty of
     MERCHANTABILITY or FITNESS FOR A PARTICULAR PURPOSE.  See the
     GNU Lesser General Public License for more details.

     You should have received a copy of the GNU Lesser General Public License
     along with this program.  If not, see <http://www.gnu.org/licenses/>.
    -->
	<changeSet author="am" id="2022-01-10-PLUS-CC-LICENSES" objectQuotingStrategy="QUOTE_ALL_OBJECTS">
		
		<preConditions onFail="MARK_RAN">
			<tableExists tableName="LICENSES" />
		</preConditions>
		
		<insert tableName="LICENSES">
			<column name="ID" value="CC_PD"/>
			<column name="NAME" value="CC_PD" />
			<column name="DESCRIPTION"
				value="CC0 Universal (CC0 1.0) Public Domain Dedication" />
			<column name="DEFINITION"
				value="https://creativecommons.org/publicdomain/zero/1.0/" />
			<column name="LOGO"
				value="https://mirrors.creativecommons.org/presskit/buttons/88x31/png/cc-zero.png" />
		</insert>
		
		<insert tableName="LICENSES">
			<column name="ID" value="CC_BY"/>
			<column name="NAME" value="CC BY 3.0" />
			<column name="DESCRIPTION"
				value="The Creative Commons Attribution license" />
			<column name="DEFINITION"
				value="https://creativecommons.org/licenses/by/3.0/deed.en" />
			<column name="LOGO"
				value="https://mirrors.creativecommons.org/presskit/buttons/88x31/png/by.png" />
		</insert>
		
		<insert tableName="LICENSES">
			<column name="ID" value="CC_BY_NC"/>
			<column name="NAME" value="CC BY-NC 3.0" />
			<column name="DESCRIPTION"
				value="The Creative Commons Attribution-NonCommercial license" />
			<column name="DEFINITION"
				value="https://creativecommons.org/licenses/by-nc/3.0/deed.en" />
			<column name="LOGO"
				value="https://mirrors.creativecommons.org/presskit/buttons/88x31/png/by-nc.png"/>
		</insert>

		<insert tableName="LICENSES">
			<column name="ID" value="CC_BY_SA"/>
			<column name="NAME" value="CC BY-SA 3.0" />
			<column name="DESCRIPTION"
				value="The Creative Commons Attribution &amp; Share-alike license" />
			<column name="DEFINITION"
				value="https://creativecommons.org/licenses/by-sa/3.0/deed.en" />
			<column name="LOGO"
				value="https://mirrors.creativecommons.org/presskit/buttons/88x31/png/by-sa.png"/>
		</insert>

		<insert tableName="LICENSES">
			<column name="ID" value="CC_BY_NC_SA"/>
			<column name="NAME" value="CC BY-NC-SA 3.0" />
			<column name="DESCRIPTION"
				value="The Creative Commons Attribution &amp; Share-alike non-commercial license" />
			<column name="DEFINITION"
				value="https://creativecommons.org/licenses/by-nc-sa/3.0/deed.en" />
			<column name="LOGO"
				value="https://mirrors.creativecommons.org/presskit/buttons/88x31/png/by-nc-sa.png"/>
		</insert>

		<insert tableName="LICENSES">
			<column name="ID" value="CC_BY_ND"/>
			<column name="NAME" value="CC BY-ND 3.0" />
			<column name="DESCRIPTION"
				value="The Creative Commons Attribution &amp; NoDerivs license" />
			<column name="DEFINITION"
				value="https://creativecommons.org/licenses/by-nd/3.0/deed.en" />
			<column name="LOGO"
				value="https://mirrors.creativecommons.org/presskit/buttons/88x31/png/by-nd.png"/>
		</insert>

		<insert tableName="LICENSES">
			<column name="ID" value="CC_BY_NC_ND"/>
			<column name="NAME" value="CC BY-NC-ND 3.0" />
			<column name="DESCRIPTION"
				value="The Creative Commons Attribution &amp; NonCommercial &amp; NoDerivs license" />
			<column name="DEFINITION"
				value="https://creativecommons.org/licenses/by-nc-nd/3.0/deed.en" />
			<column name="LOGO"
				value="https://mirrors.creativecommons.org/presskit/buttons/88x31/png/by-nc-nd.png"/>
		</insert>
	</changeSet>
</databaseChangeLog>