<?xml version="1.0" encoding="UTF-8"?>
<databaseChangeLog
    xmlns="http://www.liquibase.org/xml/ns/dbchangelog"
    xmlns:xsi="http://www.w3.org/2001/XMLSchema-instance"
    xsi:schemaLocation="http://www.liquibase.org/xml/ns/dbchangelog http://www.liquibase.org/xml/ns/dbchangelog/dbchangelog-3.1.xsd">
    <!--
     Copyright (C) 2021-2023 Secure Dimensions GmbH, D-81377
     Munich, Germany.

     This program is free software: you can redistribute it and/or modify
     it under the terms of the GNU Lesser General Public License as published by
     the Free Software Foundation, either version 3 of the License, or
     (at your option) any later version.

     This program is distributed in the hope that it will be useful,
     but WITHOUT ANY WARRANTY; without even the implied warranty of
     MERCHANTABILITY or FITNESS FOR A PARTICULAR PURPOSE.  See the
     GNU Lesser General Public License for more details.

     You should have received a copy of the GNU Lesser General Public License
     along with this program.  If not, see <http://www.gnu.org/licenses/>.
    -->
    <changeSet author="am" id="2023-05-15-PLUS-PARTIES-1" objectQuotingStrategy="QUOTE_ALL_OBJECTS">
        <preConditions onFail="MARK_RAN">
            <not>
                <tableExists tableName="PARTIES" />
            </not>
        </preConditions>

        <createTable tableName="PARTIES">
            <column name="DESCRIPTION" type="TEXT"/>
            <column name="AUTHID" type="TEXT"/>
            <column name="DISPLAYNAME" type="TEXT"/>
            <column name="ROLE" type="TEXT"/>
        </createTable>
    </changeSet>

    <changeSet author="scf" id="2021-05-11-PLUS-PARTIES-2" objectQuotingStrategy="QUOTE_ALL_OBJECTS">
        <preConditions onFail="MARK_RAN">
            <changeLogPropertyDefined property="id-Party" value="LONG" />
            <not>
                <columnExists columnName="ID" tableName="PARTIES" />
            </not>
        </preConditions>
        <addColumn tableName="PARTIES">
            <column name="ID" type="${idTypeLong}" autoIncrement="true" >
                <constraints primaryKey="true" primaryKeyName="PARTIES_PKEY" />
            </column>
        </addColumn>
    </changeSet>

    <changeSet author="scf" id="2021-05-11-PLUS-PARTIES-3" objectQuotingStrategy="QUOTE_ALL_OBJECTS">
        <preConditions onFail="MARK_RAN">
            <or>
                <changeLogPropertyDefined property="id-Party" value="STRING" />
                <changeLogPropertyDefined property="id-Party" value="UUID" />
            </or>
            <not>
                <columnExists columnName="ID" tableName="PARTIES" />
            </not>
        </preConditions>
        <addColumn tableName="PARTIES">
            <column name="ID" type="${idType-Party}" defaultValueComputed="${defaultValueComputed-Party}" >
                <constraints primaryKey="true" primaryKeyName="PARTIES_PKEY"/>
            </column>
        </addColumn>
    </changeSet>

</databaseChangeLog>
