<?xml version="1.0" encoding="UTF-8"?>
<databaseChangeLog
    xmlns="http://www.liquibase.org/xml/ns/dbchangelog"
    xmlns:xsi="http://www.w3.org/2001/XMLSchema-instance"
    xsi:schemaLocation="http://www.liquibase.org/xml/ns/dbchangelog http://www.liquibase.org/xml/ns/dbchangelog/dbchangelog-3.1.xsd">
    <!--
     Copyright (C) 2021 Secure Dimensions GmbH, D-81377
     Munich, Germany.

     This program is free software: you can redistribute it and/or modify
     it under the terms of the GNU Lesser General Public License as published by
     the Free Software Foundation, either version 3 of the License, or
     (at your option) any later version.

     This program is distributed in the hope that it will be useful,
     but WITHOUT ANY WARRANTY; without even the implied warranty of
     MERCHANTABILITY or FITNESS FOR A PARTICULAR PURPOSE.  See the
     GNU Lesser General Public License for more details.

     You should have received a copy of the GNU Lesser General Public License
     along with this program.  If not, see <http://www.gnu.org/licenses/>.
    -->
    <include relativeToChangelogFile="true" file="tableProjects.xml" />
    <include relativeToChangelogFile="true" file="tableParties.xml" />
    <include relativeToChangelogFile="true" file="tableLicenses.xml" />
    <include relativeToChangelogFile="true" file="tableThings.xml" />
    <include relativeToChangelogFile="true" file="tableDatastreams.xml" />
    <include relativeToChangelogFile="true" file="tableMultiDatastreams.xml" />
    <include relativeToChangelogFile="true" file="tableGroups.xml" />
    <include relativeToChangelogFile="true" file="tableRelations.xml" />
    <include relativeToChangelogFile="true" file="tableGroupsObservations.xml" />
    <include relativeToChangelogFile="true" file="tableGroupsRelations.xml" />
    <include relativeToChangelogFile="true" file="foreignKeys.xml" />
    <include relativeToChangelogFile="true" file="insertCCLicenes.xml" />

</databaseChangeLog>
