<?xml version="1.0" encoding="UTF-8"?>
<databaseChangeLog
    xmlns="http://www.liquibase.org/xml/ns/dbchangelog"
    xmlns:xsi="http://www.w3.org/2001/XMLSchema-instance"
    xsi:schemaLocation="http://www.liquibase.org/xml/ns/dbchangelog http://www.liquibase.org/xml/ns/dbchangelog/dbchangelog-3.1.xsd">
    <!--
     Copyright (C) 2021-2023 Secure Dimensions GmbH, D-81377
     Munich, Germany.

     This program is free software: you can redistribute it and/or modify
     it under the terms of the GNU Lesser General Public License as published by
     the Free Software Foundation, either version 3 of the License, or
     (at your option) any later version.

     This program is distributed in the hope that it will be useful,
     but WITHOUT ANY WARRANTY; without even the implied warranty of
     MERCHANTABILITY or FITNESS FOR A PARTICULAR PURPOSE.  See the
     GNU Lesser General Public License for more details.

     You should have received a copy of the GNU Lesser General Public License
     along with this program.  If not, see <http://www.gnu.org/licenses/>.
    -->
    <changeSet author="am" id="2023-05-15-PLUS-LICENSES-1" objectQuotingStrategy="QUOTE_ALL_OBJECTS">
        <preConditions onFail="MARK_RAN">
            <not>
                <tableExists tableName="LICENSES" />
            </not>
        </preConditions>

        <createTable tableName="LICENSES">
            <column name="NAME" type="TEXT"/>
            <column name="DESCRIPTION" type="TEXT"/>
            <column name="DEFINITION" type="TEXT"/>
            <column name="ATTRIBUTION_TEXT" type="TEXT"/>
            <column name="LOGO" type="TEXT"/>
        </createTable>
    </changeSet>

    <changeSet author="scf" id="2021-05-19-PLUS-LICENSES-2" objectQuotingStrategy="QUOTE_ALL_OBJECTS">
        <preConditions onFail="MARK_RAN">
            <changeLogPropertyDefined property="id-License" value="LONG" />
            <not>
                <columnExists columnName="ID" tableName="LICENSES" />
            </not>
        </preConditions>
        <addColumn tableName="LICENSES">
            <column name="ID" type="${idTypeLong}" autoIncrement="true" >
                <constraints primaryKey="true" primaryKeyName="LICENSES_PKEY" />
            </column>
        </addColumn>
    </changeSet>

    <changeSet author="scf" id="2021-05-19-PLUS-LICENSES-3" objectQuotingStrategy="QUOTE_ALL_OBJECTS">
        <preConditions onFail="MARK_RAN">
            <or>
                <changeLogPropertyDefined property="id-License" value="STRING" />
                <changeLogPropertyDefined property="id-License" value="UUID" />
            </or>
            <not>
                <columnExists columnName="ID" tableName="LICENSES" />
            </not>
        </preConditions>
        <addColumn tableName="LICENSES">
            <column name="ID" type="${idType-License}" defaultValueComputed="${defaultValueComputed-License}" >
                <constraints primaryKey="true" primaryKeyName="LICENSES_PKEY"/>
            </column>
        </addColumn>
    </changeSet>

</databaseChangeLog>
