<?xml version="1.0" encoding="UTF-8"?>
<databaseChangeLog
    xmlns="http://www.liquibase.org/xml/ns/dbchangelog"
    xmlns:xsi="http://www.w3.org/2001/XMLSchema-instance"
    xsi:schemaLocation="http://www.liquibase.org/xml/ns/dbchangelog http://www.liquibase.org/xml/ns/dbchangelog/dbchangelog-3.1.xsd">
    <!--
     Copyright (C) 2021 Secure Dimensions GmbH, D-81377
     Munich, Germany.

     This program is free software: you can redistribute it and/or modify
     it under the terms of the GNU Lesser General Public License as published by
     the Free Software Foundation, either version 3 of the License, or
     (at your option) any later version.

     This program is distributed in the hope that it will be useful,
     but WITHOUT ANY WARRANTY; without even the implied warranty of
     MERCHANTABILITY or FITNESS FOR A PARTICULAR PURPOSE.  See the
     GNU Lesser General Public License for more details.

     You should have received a copy of the GNU Lesser General Public License
     along with this program.  If not, see <http://www.gnu.org/licenses/>.
    -->
    <changeSet author="am" id="2023-07-17-PLUS-CAMPAIGNS_MULTI_DATASTREAMS" objectQuotingStrategy="QUOTE_ALL_OBJECTS">
        <preConditions onFail="MARK_RAN">
            <not>
                <tableExists tableName="CAMPAIGNS_MULTI_DATASTREAMS" />
            </not>
        </preConditions>

        <createTable tableName="CAMPAIGNS_MULTI_DATASTREAMS">
            <column name="CAMPAIGN_ID" type="${idType-Campaign}">
                <constraints nullable="true"/>
            </column>
            <column name="MULTI_DATASTREAM_ID" type="${idType-MultiDatastream}">
                <constraints nullable="true"/>
            </column>
        </createTable>
        
        <addPrimaryKey columnNames="CAMPAIGN_ID, MULTI_DATASTREAM_ID" constraintName="CAMPAIGNS_MULTI_DATASTREAMS_PKEY" tableName="CAMPAIGNS_MULTI_DATASTREAMS"/>
        
        <createIndex tableName="CAMPAIGNS_MULTI_DATASTREAMS" indexName="CAMPAIGNS_MULTI_DATASTREAMS_CAMPAIGN_ID">
            <column name="CAMPAIGN_ID" />
        </createIndex>
        
        <createIndex tableName="CAMPAIGNS_MULTI_DATASTREAMS" indexName="CAMPAIGNS_MULTI_DATASTREAMS_MULTI_DATASTREAM_ID">
            <column name="MULTI_DATASTREAM_ID" />
        </createIndex>
    </changeSet>

</databaseChangeLog>
