<?xml version="1.0" encoding="UTF-8"?>
<databaseChangeLog
    xmlns="http://www.liquibase.org/xml/ns/dbchangelog"
    xmlns:xsi="http://www.w3.org/2001/XMLSchema-instance"
    xsi:schemaLocation="http://www.liquibase.org/xml/ns/dbchangelog http://www.liquibase.org/xml/ns/dbchangelog/dbchangelog-3.1.xsd">
    <!--
     Copyright (C) 2021-2023 Secure Dimensions GmbH, D-81377
     Munich, Germany.

     This program is free software: you can redistribute it and/or modify
     it under the terms of the GNU Lesser General Public License as published by
     the Free Software Foundation, either version 3 of the License, or
     (at your option) any later version.

     This program is distributed in the hope that it will be useful,
     but WITHOUT ANY WARRANTY; without even the implied warranty of
     MERCHANTABILITY or FITNESS FOR A PARTICULAR PURPOSE.  See the
     GNU Lesser General Public License for more details.

     You should have received a copy of the GNU Lesser General Public License
     along with this program.  If not, see <http://www.gnu.org/licenses/>.
    -->
    <changeSet author="am" id="2023-08-03-PLUS-RELATIONS-1" objectQuotingStrategy="QUOTE_ALL_OBJECTS">
        <preConditions onFail="MARK_RAN">
            <not>
                <or>
                    <tableExists tableName="RELATIONS" />
                </or>
            </not>
        </preConditions>
        <createTable tableName="RELATIONS">
            <column name="DESCRIPTION" type="TEXT"/>
            <column name="PROPERTIES" type="JSONB"/>
            <column name="ROLE" type="TEXT"/>
            <column name="EXTERNAL_RESOURCE" type="TEXT"/>
            <column name="SUBJECT_ID" type="${idType-Observation}">
                <constraints nullable="false"/>
            </column>
            <column name="OBJECT_ID" type="${idType-Observation}">
                <constraints nullable="true"/>
            </column>
        </createTable>
    </changeSet>

    <changeSet author="scf" id="2021-07-23-PLUS-RELATIONS-2" objectQuotingStrategy="QUOTE_ALL_OBJECTS">
        <preConditions onFail="MARK_RAN">
            <changeLogPropertyDefined property="id-Relation" value="LONG" />
            <not>
                <columnExists columnName="ID" tableName="RELATIONS" />
            </not>
        </preConditions>
        <addColumn tableName="RELATIONS">
            <column name="ID" type="${idTypeLong}" autoIncrement="true" >
                <constraints primaryKey="true" primaryKeyName="RELATIONS_PKEY" />
            </column>
        </addColumn>
    </changeSet>

    <changeSet author="scf" id="2021-07-23-PLUS-RELATIONS-3" objectQuotingStrategy="QUOTE_ALL_OBJECTS">
        <preConditions onFail="MARK_RAN">
            <or>
                <changeLogPropertyDefined property="id-Relation" value="STRING" />
                <changeLogPropertyDefined property="id-Relation" value="UUID" />
            </or>
            <not>
                <columnExists columnName="ID" tableName="RELATIONS" />
            </not>
        </preConditions>
        <addColumn tableName="RELATIONS">
            <column name="ID" type="${idType-Relation}" defaultValueComputed="${defaultValueComputed-Relation}" >
                <constraints primaryKey="true" primaryKeyName="RELATIONS_PKEY"/>
            </column>
        </addColumn>
    </changeSet>

    <changeSet author="am" id="2021-08-03-PLUS-RELATIONS-4" objectQuotingStrategy="QUOTE_ALL_OBJECTS">
        <createIndex tableName="RELATIONS" indexName="RELATIONS_OBJECT_ID">
            <column name="OBJECT_ID" />
        </createIndex>
        <createIndex tableName="RELATIONS" indexName="RELATIONS_SUBJECT_ID">
            <column name="SUBJECT_ID" />
        </createIndex>
    </changeSet>

</databaseChangeLog>
